City ID,City,Lat,Lng,Max Temp,Humidity,Cloudiness,Wind Speed,Country,City Description
0,Castro,-24.7911,-50.0119,58.41,63,7,10.89,BR,clear sky
1,Bredasdorp,-34.5322,20.0403,58.35,57,69,13.24,ZA,broken clouds
2,Plettenberg Bay,-34.0527,23.3716,54.12,87,100,11.99,ZA,moderate rain
3,Ushuaia,-54.8,-68.3,37.06,56,0,5.75,AR,clear sky
4,Mataura,-46.1927,168.8643,37.63,96,80,3.2,NZ,broken clouds
5,Albany,42.6001,-73.9662,71.28,60,34,1.01,US,scattered clouds
6,Ilulissat,69.2167,-51.1,41.02,87,40,5.75,GL,scattered clouds
7,Gamba,-2.65,10.0,75.13,72,38,8.88,GA,scattered clouds
8,Vila Franca Do Campo,37.7167,-25.4333,79.21,70,24,5.35,PT,few clouds
9,Vaini,-21.2,-175.2,69.96,83,20,9.22,TO,few clouds
10,Akureyri,65.6835,-18.0878,53.53,76,75,8.05,IS,broken clouds
11,Cape Town,-33.9258,18.4232,63.37,57,40,9.22,ZA,scattered clouds
12,Puerto Ayora,-0.7393,-90.3518,75.16,94,100,7.0,EC,overcast clouds
13,Beringovskiy,63.05,179.3167,51.71,92,100,6.11,RU,light rain
14,Toamasina,-18.1667,49.3833,69.8,88,75,9.22,MG,light intensity shower rain
15,Hofn,64.2539,-15.2082,50.61,93,100,11.77,IS,overcast clouds
16,Koindu,8.4386,-10.3253,80.58,71,93,6.46,GN,light rain
17,New Norfolk,-42.7826,147.0587,46.71,84,85,1.66,AU,overcast clouds
18,Hasaki,35.7333,140.8333,81.28,85,99,23.13,JP,overcast clouds
19,Hermanus,-34.4187,19.2345,59.81,61,26,15.26,ZA,scattered clouds
20,Haines Junction,60.7522,-137.5108,51.75,87,99,1.14,CA,overcast clouds
21,Sitka,57.0531,-135.33,60.69,88,20,0.0,US,few clouds
22,Srednekolymsk,67.45,153.6833,49.35,76,59,8.43,RU,broken clouds
23,Santa Maria,-29.6842,-53.8069,65.5,55,0,6.91,BR,clear sky
24,Bluff,-46.6,168.3333,47.59,76,83,12.44,NZ,broken clouds
25,Upernavik,72.7868,-56.1549,43.47,65,100,8.61,GL,overcast clouds
26,Busselton,-33.65,115.3333,59.85,66,100,18.39,AU,overcast clouds
27,Ca Mau,9.1769,105.15,79.27,85,96,3.06,VN,overcast clouds
28,Pevek,69.7008,170.3133,31.91,93,99,11.86,RU,overcast clouds
29,San Quintin,30.4833,-115.95,71.26,86,10,7.72,MX,clear sky
30,Qaanaaq,77.484,-69.3632,37.62,95,100,19.04,GL,light rain
31,Provideniya,64.3833,-173.3,48.61,98,100,7.16,RU,overcast clouds
32,Sydney Mines,46.2367,-60.2177,71.1,92,100,8.05,CA,overcast clouds
33,Siemiatycze,52.4272,22.8623,81.23,48,99,11.07,PL,overcast clouds
34,Samarai,-10.6167,150.6667,78.37,86,100,11.81,PG,overcast clouds
35,Liancheng,24.0519,105.075,66.13,98,52,1.9,CN,broken clouds
36,Torbay,47.6666,-52.7314,64.27,86,54,4.0,CA,broken clouds
37,Hualmay,-11.0964,-77.6139,62.85,76,31,8.93,PE,scattered clouds
38,Yokadouma,3.5167,15.05,78.98,70,99,3.29,CM,overcast clouds
39,East London,-33.0153,27.9116,61.74,77,20,23.02,ZA,few clouds
40,Esmeraldas,-19.7625,-44.3139,73.51,35,4,9.15,BR,clear sky
41,Altamira,-3.2033,-52.2064,84.29,89,75,6.91,BR,broken clouds
42,Fortuna,40.5982,-124.1573,58.93,93,100,3.44,US,overcast clouds
43,Punta Arenas,-53.15,-70.9167,35.71,87,100,6.91,CL,overcast clouds
44,Yerbogachen,61.2767,108.0108,51.46,77,100,7.58,RU,overcast clouds
45,Adrar,20.5022,-10.0711,102.04,26,0,6.89,MR,clear sky
46,Colares,38.7992,-9.4469,87.1,61,20,11.5,PT,few clouds
47,La Ronge,55.1001,-105.2842,59.25,82,100,10.36,CA,overcast clouds
48,Hilo,19.7297,-155.09,82.27,95,100,8.05,US,moderate rain
49,Ellisras,-23.6649,27.7443,83.46,15,0,4.68,ZA,clear sky
50,Salalah,17.0151,54.0924,77.09,100,100,4.61,OM,light intensity drizzle
51,Chuy,-33.6971,-53.4616,59.0,81,30,8.57,UY,scattered clouds
52,Olafsvik,64.8945,-23.7142,49.17,86,54,10.83,IS,broken clouds
53,Khatanga,71.9667,102.5,49.48,55,60,8.37,RU,broken clouds
54,Lienz,46.8289,12.769,65.89,74,63,3.78,AT,light rain
55,Aswan,24.0934,32.907,108.19,12,16,16.06,EG,few clouds
56,Hamilton,39.1834,-84.5333,69.94,63,0,8.05,US,clear sky
57,Pangody,65.85,74.4859,59.14,80,100,17.47,RU,light rain
58,Avarua,-21.2078,-159.775,75.25,88,75,6.91,CK,broken clouds
59,Tiksi,71.6872,128.8694,39.76,88,100,4.79,RU,overcast clouds
60,Hobart,-42.8794,147.3294,47.05,93,66,1.14,AU,mist
61,Cidreira,-30.1811,-50.2056,63.43,73,9,16.02,BR,clear sky
62,Davlekanovo,54.2215,55.0343,72.68,53,70,6.78,RU,broken clouds
63,Vao,-22.6667,167.4833,68.81,62,1,18.84,NC,clear sky
64,Sampit,-2.5333,112.95,79.11,86,99,3.09,ID,overcast clouds
65,Arraial Do Cabo,-22.9661,-42.0278,71.56,60,20,9.22,BR,few clouds
66,Butaritari,3.0707,172.7902,81.32,80,54,16.28,KI,light rain
67,Bardiyah,31.7561,25.0865,84.38,52,0,18.9,LY,clear sky
68,Piacabucu,-10.4056,-36.4344,81.54,68,11,10.33,BR,few clouds
69,Ribeira Grande,38.5167,-28.7,79.2,78,20,11.5,PT,few clouds
70,Arlit,18.7369,7.3853,103.37,15,42,1.77,NE,scattered clouds
71,Sibolga,1.7427,98.7792,78.19,88,56,2.37,ID,broken clouds
72,Dikson,73.5069,80.5464,49.21,86,100,32.86,RU,overcast clouds
73,Sidney,-33.8679,151.2073,56.5,87,0,9.22,AU,light rain
74,Severo-Kurilsk,50.6789,156.125,54.63,98,100,12.35,RU,light rain
75,Ancud,-41.8697,-73.8203,44.22,77,100,8.77,CL,light rain
76,Saint-Philippe,-21.3585,55.7679,69.39,79,49,15.03,RE,light rain
77,Guerrero Negro,27.9769,-114.0611,72.27,85,15,4.61,MX,few clouds
78,Nanortalik,60.1432,-45.2371,45.18,86,100,3.2,GL,light rain
79,Amuntai,-2.4177,115.2494,79.41,83,97,1.39,ID,overcast clouds
80,Udachnyy,66.4167,112.4,46.45,93,100,14.92,RU,overcast clouds
81,Katsuura,35.1333,140.3,81.1,86,100,20.2,JP,overcast clouds
82,Inhambane,-23.865,35.3833,76.98,73,20,19.57,MZ,few clouds
83,Seydi,39.4816,62.9137,93.7,13,0,18.43,TM,clear sky
84,Teknaf,20.8624,92.3058,79.3,89,100,10.63,BD,overcast clouds
85,Bijie,27.3125,105.2942,65.89,92,1,6.22,CN,clear sky
86,Rikitea,-23.1203,-134.9692,72.95,73,100,21.32,PF,overcast clouds
87,Zheleznodorozhnyy,55.7503,38.0042,82.22,33,100,3.67,RU,overcast clouds
88,Sur,22.5667,59.5289,87.19,67,100,7.16,OM,overcast clouds
89,Cayenne,4.9333,-52.3333,89.1,21,75,6.91,GF,broken clouds
90,Verkhnetulomskiy,68.6073,31.7962,57.33,62,83,16.04,RU,broken clouds
91,Pacific Grove,36.6177,-121.9166,60.03,91,0,1.01,US,clear sky
92,San Cristobal,7.7669,-72.225,75.38,58,52,4.74,VE,broken clouds
93,Bengkulu,-3.8004,102.2655,76.93,88,49,3.71,ID,scattered clouds
94,Kropotkin,45.4375,40.5756,90.39,38,76,15.3,RU,broken clouds
95,Nemuro,43.3236,145.575,65.86,97,100,10.38,JP,overcast clouds
96,Ahipara,-35.1667,173.1667,52.02,70,96,7.34,NZ,overcast clouds
97,Graaff-Reinet,-32.2522,24.5308,64.92,31,100,11.18,ZA,overcast clouds
98,Qui Nhon,13.7667,109.2333,81.41,82,100,8.1,VN,overcast clouds
99,Thompson,55.7435,-97.8558,55.56,94,100,14.97,CA,light intensity drizzle
100,Boffa,10.1667,-14.0333,78.51,93,100,9.93,GN,moderate rain
101,Tuktoyaktuk,69.4541,-133.0374,48.2,93,75,5.75,CA,broken clouds
102,Clinton,42.587,-82.9199,71.94,76,0,5.75,US,clear sky
103,Saint-Pierre,-21.3393,55.4781,69.48,73,0,18.41,RE,clear sky
104,Villa Carlos Paz,-31.4241,-64.4978,67.28,29,2,17.0,AR,clear sky
105,Port-Gentil,-0.7193,8.7815,80.56,69,40,16.11,GA,scattered clouds
106,Saskylakh,71.9167,114.0833,47.57,58,100,3.22,RU,overcast clouds
107,Porto Novo,6.4965,2.6036,78.62,66,100,14.54,BJ,overcast clouds
108,Tsabong,-26.0217,22.401,78.49,11,0,13.0,BW,clear sky
109,Omboue,-1.5746,9.2618,78.22,65,67,10.67,GA,broken clouds
110,Kajiado,-1.8524,36.7768,69.01,46,99,11.23,KE,overcast clouds
111,Tumut,-35.3,148.2167,47.03,93,93,2.84,AU,overcast clouds
112,Palmer,42.1584,-72.3287,75.67,53,40,8.05,US,scattered clouds
113,Mae Sai,20.4335,99.8762,72.21,100,100,2.08,TH,overcast clouds
114,Vilhena,-12.7406,-60.1458,75.42,46,0,12.66,BR,clear sky
115,Wundanyi,-3.4019,38.364,67.75,52,59,16.62,KE,broken clouds
116,Ampanihy,-24.7,44.75,82.71,21,0,5.19,MG,clear sky
117,Tual,-5.6667,132.75,80.56,82,100,16.44,ID,overcast clouds
118,Lichinga,-13.3128,35.2406,68.09,49,75,10.36,MZ,broken clouds
119,Mahebourg,-20.4081,57.7,69.26,77,75,16.11,MU,broken clouds
120,Kigoma,-4.8769,29.6267,80.74,48,6,9.04,TZ,clear sky
121,Touba,8.2833,-7.6833,81.84,65,100,7.23,CI,light rain
122,Turochak,52.2576,87.1224,65.53,76,62,2.42,RU,broken clouds
123,Atar,20.5169,-13.0499,102.4,28,3,7.74,MR,clear sky
124,Bambous Virieux,-20.3428,57.7575,69.22,77,75,16.11,MU,broken clouds
125,Bathsheba,13.2167,-59.5167,88.41,66,40,23.02,BB,scattered clouds
126,Flinders,-34.5833,150.8552,56.17,84,100,1.99,AU,light rain
127,Liverpool,53.4106,-2.9779,91.71,32,0,6.91,GB,clear sky
128,Grindavik,63.8424,-22.4338,53.55,82,75,12.66,IS,broken clouds
129,Tasiilaq,65.6145,-37.6368,41.16,64,19,2.17,GL,few clouds
130,Alberton,46.8168,-64.0654,69.93,71,55,6.08,CA,broken clouds
131,Port Alfred,-33.5906,26.891,59.18,84,99,7.0,ZA,overcast clouds
132,Flin Flon,54.7682,-101.865,62.44,88,100,8.05,CA,overcast clouds
133,Iqaluit,63.7506,-68.5145,42.53,75,75,6.91,CA,broken clouds
134,Port Elizabeth,-33.918,25.5701,61.09,73,20,27.63,ZA,few clouds
135,Phan Thiet,10.9333,108.1,79.07,84,56,8.55,VN,broken clouds
136,Acapulco,16.8634,-99.8901,78.62,89,100,5.75,MX,overcast clouds
137,Linjiang,41.8069,126.9078,64.9,99,100,1.59,CN,overcast clouds
138,Tak Bai,6.2595,102.0546,73.38,89,95,2.3,TH,light rain
139,Komsomolskiy,40.4272,71.7189,88.52,27,0,4.61,UZ,clear sky
140,Richards Bay,-28.783,32.0377,88.14,29,0,2.51,ZA,clear sky
141,Mayo,38.8876,-76.5119,78.17,64,40,9.22,US,scattered clouds
142,Bilibino,68.0546,166.4372,51.78,92,100,3.8,RU,light rain
143,Belyy,55.8402,32.9419,77.95,39,15,2.44,RU,few clouds
144,Hithadhoo,-0.6,73.0833,82.96,76,100,13.0,MV,overcast clouds
145,Norman Wells,65.282,-126.8329,48.24,81,20,3.44,CA,few clouds
146,Klaksvik,62.2266,-6.589,54.52,81,100,15.9,FO,overcast clouds
147,Cocal,-28.6167,-49.35,65.89,63,3,5.7,BR,clear sky
148,Novaya Ladoga,60.1025,32.3019,73.81,55,30,4.99,RU,scattered clouds
149,Canutama,-6.5339,-64.3831,88.43,44,6,4.5,BR,clear sky
150,Wukari,7.85,9.7833,78.22,84,99,5.91,NG,light rain
151,Tura,25.5198,90.2201,77.11,87,40,3.65,IN,scattered clouds
152,Geraldton,-28.7667,114.6,52.21,71,9,14.97,AU,clear sky
153,Luderitz,-26.6481,15.1594,63.86,59,3,12.24,NA,clear sky
154,Mount Isa,-20.7333,139.5,60.57,59,0,6.91,AU,clear sky
155,Itaituba,-4.2761,-55.9836,84.36,79,40,3.44,BR,scattered clouds
156,Bayan,46.0833,127.4,67.05,69,79,4.85,CN,broken clouds
157,Nishihara,26.1842,127.7558,85.28,80,0,3.44,JP,clear sky
158,Sinjar,36.3209,41.8754,101.43,15,0,9.28,IQ,clear sky
159,Saldanha,-33.0117,17.9442,60.85,60,21,12.06,ZA,few clouds
160,Lebork,54.5392,17.7501,85.91,40,4,7.09,PL,clear sky
161,Vestmannaeyjar,63.4427,-20.2734,54.59,71,0,13.8,IS,clear sky
162,Bairiki,1.3292,172.9752,80.6,89,20,8.05,KI,light rain
163,Jamestown,42.097,-79.2353,70.18,51,0,3.44,US,clear sky
164,Ust-Kuyga,70.0167,135.6,42.48,70,100,9.24,RU,overcast clouds
165,Kununurra,-15.7667,128.7333,66.18,72,5,0.0,AU,clear sky
166,Carnarvon,-24.8667,113.6333,68.41,69,26,11.86,AU,scattered clouds
167,Coihaique,-45.5752,-72.0662,38.01,87,75,8.05,CL,broken clouds
168,Atuona,-9.8,-139.0333,76.41,66,98,22.75,PF,overcast clouds
169,Khust,48.1793,23.2991,84.65,34,74,6.44,UA,broken clouds
170,Kampot,10.6167,104.1833,78.85,85,68,4.94,KH,broken clouds
171,Kachug,53.9606,105.8817,61.84,69,80,1.97,RU,broken clouds
172,Lavrentiya,65.5833,-171.0,45.19,94,70,9.04,RU,broken clouds
173,Vysokopillya,47.4919,33.5306,86.83,42,19,12.88,UA,light rain
174,Mantena,-18.7817,-40.9803,77.79,46,41,5.39,BR,scattered clouds
175,Tairua,-37.0167,175.85,44.98,82,7,8.08,NZ,clear sky
176,Chokurdakh,70.6333,147.9167,37.65,76,99,8.41,RU,overcast clouds
177,Ponta Delgada,37.7333,-25.6667,79.52,61,20,12.66,PT,few clouds
178,Kismayo,-0.3582,42.5454,77.52,75,58,18.45,SO,broken clouds
179,Port Hedland,-20.3167,118.5667,68.05,49,4,8.05,AU,clear sky
180,Deputatskiy,69.3,139.9,43.36,88,100,3.83,RU,overcast clouds
181,Te Anau,-45.4167,167.7167,35.76,96,84,1.66,NZ,broken clouds
182,Lodja,-3.4833,23.4333,99.43,16,99,2.19,CD,overcast clouds
183,Huarmey,-10.0681,-78.1522,64.08,77,22,7.23,PE,few clouds
184,Yellowknife,62.456,-114.3525,59.52,72,20,5.75,CA,few clouds
185,Ostrovnoy,68.0531,39.5131,56.35,64,53,23.38,RU,broken clouds
186,Barrow,71.2906,-156.7887,51.82,82,100,17.27,US,light rain
187,Tabuk,17.4189,121.4443,75.43,94,100,4.9,PH,overcast clouds
188,Den Helder,52.9599,4.7593,89.98,61,0,11.5,NL,clear sky
189,Korla,41.7597,86.1469,84.99,28,99,16.51,CN,overcast clouds
190,Leh,34.1667,77.5833,69.19,41,81,6.33,IN,broken clouds
191,Port Hardy,50.6996,-127.4199,53.78,100,100,2.3,CA,fog
192,Puerto Escondido,15.85,-97.0667,81.43,74,75,0.0,MX,broken clouds
193,Kapaa,22.0752,-159.319,73.72,91,40,11.5,US,scattered clouds
194,Urumqi,43.801,87.6005,67.15,83,40,6.71,CN,scattered clouds
195,Abha,18.2164,42.5053,76.82,73,75,9.22,SA,broken clouds
196,Umm Lajj,25.0213,37.2685,89.37,64,99,11.79,SA,overcast clouds
197,Kyaikto,17.3,97.0167,76.12,91,100,4.43,MM,overcast clouds
198,Khasan,42.4308,130.6434,69.75,84,100,5.19,RU,moderate rain
199,Airai,-8.9266,125.4092,58.37,91,16,2.93,TL,few clouds
200,Muros,42.7762,-9.0603,67.57,80,70,5.21,ES,broken clouds
201,Nova Odesa,47.3078,31.7851,87.03,38,87,11.5,UA,overcast clouds
202,Goiania,-16.6786,-49.2539,80.29,26,0,3.44,BR,clear sky
203,Los Llanos De Aridane,28.6585,-17.9182,73.15,77,75,14.97,ES,broken clouds
204,Kahului,20.8947,-156.47,77.02,77,0,12.66,US,clear sky
205,Nouadhibou,20.931,-17.0347,78.78,69,79,17.27,MR,broken clouds
206,Longyearbyen,78.2186,15.6401,48.04,71,0,4.61,SJ,clear sky
207,Isangel,-19.55,169.2667,71.13,62,17,16.02,VU,few clouds
208,Laguna,38.421,-121.4238,68.02,80,0,5.75,US,clear sky
209,Mar Del Plata,-38.0023,-57.5575,55.94,75,0,12.66,AR,clear sky
210,Kavieng,-2.5744,150.7967,81.05,75,83,10.63,PG,broken clouds
211,Esperance,-33.8667,121.9,49.75,74,4,15.73,AU,clear sky
212,Saint-Francois,46.4154,3.9054,94.44,17,0,9.22,FR,clear sky
213,Deder,9.3167,41.45,59.52,83,100,6.26,ET,light rain
214,Santo Domingo,18.5001,-69.9886,84.04,77,24,3.0,DO,few clouds
215,Faanui,-16.4833,-151.75,78.62,71,48,15.61,PF,scattered clouds
216,Talnakh,69.4865,88.3972,60.21,75,45,11.34,RU,scattered clouds
217,Qaqortoq,60.7167,-46.0333,44.67,91,100,3.69,GL,light rain
218,Nikolskoye,59.7035,30.7861,79.88,48,5,6.2,RU,clear sky
219,Narsaq,60.9167,-46.05,55.62,68,100,3.09,GL,light rain
220,Rocha,-34.4833,-54.3333,61.48,67,47,10.33,UY,scattered clouds
221,Rafai,4.95,23.9167,70.38,96,100,1.32,CF,overcast clouds
222,Lyantonde,-0.4031,31.1572,79.43,40,59,12.57,UG,broken clouds
223,Kandrian,-6.2167,149.55,75.61,91,100,0.47,PG,light rain
224,Kaitangata,-46.2817,169.8464,40.66,87,76,9.31,NZ,broken clouds
225,Lima,-12.0432,-77.0282,60.91,85,100,9.22,PE,overcast clouds
226,Aketi,2.7388,23.7833,83.1,62,94,2.75,CD,light rain
227,Samana,19.2056,-69.3369,84.16,83,40,4.61,DO,scattered clouds
228,Talcahuano,-36.7167,-73.1167,51.48,93,75,18.41,CL,broken clouds
229,Mount Gambier,-37.8333,140.7667,46.36,96,66,3.94,AU,broken clouds
230,Naze,28.3667,129.4833,83.32,82,81,3.8,JP,broken clouds
231,Yar-Sale,66.8333,70.8333,57.27,96,98,7.76,RU,light rain
232,Ingham,42.6,-84.3833,70.92,66,0,3.44,US,clear sky
233,Mitsamiouli,-11.3847,43.2844,80.89,65,20,11.5,KM,few clouds
234,Mahina,-17.5065,-149.489,74.97,69,20,5.75,PF,light rain
235,Tortoli,39.9256,9.6572,89.42,48,40,9.22,IT,scattered clouds
236,Suchedniow,51.0478,20.8292,71.76,51,98,10.02,PL,overcast clouds
237,Fairbanks,64.8378,-147.7164,57.31,79,100,4.61,US,overcast clouds
238,Isfana,39.8386,69.5306,75.76,33,0,2.73,KG,clear sky
239,Polevskoy,56.4422,60.1878,63.54,65,57,8.75,RU,broken clouds
240,Kastamonu,41.5,33.6667,75.85,59,23,10.45,TR,few clouds
241,Honiara,-9.4333,159.95,76.05,87,79,1.88,SB,broken clouds
242,Kampli,15.4,76.6167,78.06,71,48,16.87,IN,scattered clouds
243,Lebu,-37.6167,-73.65,51.37,84,100,18.86,CL,overcast clouds
244,Christchurch,-43.5333,172.6333,36.32,79,75,3.44,NZ,broken clouds
245,Khash,28.2211,61.2158,85.53,12,100,13.8,IR,overcast clouds
246,Menongue,-14.6585,17.691,86.74,7,61,9.04,AO,broken clouds
247,Salinopolis,-0.6136,-47.3561,84.22,68,29,12.64,BR,scattered clouds
248,Mosquera,4.7059,-74.2302,59.09,63,20,3.44,CO,few clouds
249,Nizhnyaya Maktama,54.8636,52.4281,68.92,66,67,5.95,RU,broken clouds
250,San Patricio,28.017,-97.5169,87.67,61,94,4.79,US,overcast clouds
251,Jacareacanga,-6.2222,-57.7528,91.69,33,48,4.38,BR,scattered clouds
252,Kuito,-12.3833,16.9333,80.78,9,65,6.02,AO,broken clouds
253,Ikare,7.4913,5.2322,74.97,91,98,5.26,NG,moderate rain
254,Ponta Do Sol,32.6667,-17.1,79.0,65,30,4.81,PT,scattered clouds
255,College,64.8569,-147.8028,53.55,82,75,4.61,US,broken clouds
256,Ormara,25.2088,64.6357,84.78,82,99,19.51,PK,overcast clouds
257,Muroto,33.2833,134.15,82.63,80,0,5.39,JP,clear sky
258,Nabire,-3.3667,135.4833,74.8,94,100,4.36,ID,light rain
259,Luangwa,-15.6167,30.4167,83.8,25,1,6.98,ZM,clear sky
260,Sao Joao Da Barra,-21.6403,-41.0511,73.49,59,55,13.8,BR,broken clouds
261,Saint George,37.1041,-113.5841,79.39,58,0,3.44,US,clear sky
262,Sinnamary,5.3833,-52.95,86.43,62,1,6.93,GF,clear sky
263,Puqi,29.7167,113.8833,86.81,54,32,5.17,CN,scattered clouds
264,Ternate,0.8,127.4,82.09,76,74,3.76,ID,broken clouds
265,Boyabat,41.4689,34.7667,83.1,51,24,10.47,TR,few clouds
266,Terney,45.0503,136.6092,63.03,84,8,7.78,RU,clear sky
267,Cherskiy,68.75,161.3,35.98,93,49,13.67,RU,scattered clouds
268,Faya,18.3851,42.4509,77.11,58,97,0.65,SA,light rain
269,Constitucion,-35.3333,-72.4167,53.01,83,53,10.33,CL,broken clouds
270,Anloga,5.7947,0.8973,78.01,75,59,18.52,GH,broken clouds
271,Kodiak,57.79,-152.4072,53.11,94,100,9.22,US,overcast clouds
272,Vung Tau,10.346,107.0843,81.61,82,55,8.5,VN,broken clouds
273,Owando,-0.4819,15.8999,95.99,25,99,2.42,CG,overcast clouds
274,Westport,41.1415,-73.3579,78.37,53,0,12.66,US,clear sky
275,Sterling,39.0062,-77.4286,78.19,57,20,11.99,US,few clouds
276,Salinas,36.6777,-121.6555,60.57,82,0,0.81,US,clear sky
277,The Valley,18.217,-63.0578,87.66,70,40,13.8,AI,scattered clouds
278,Illapel,-31.6308,-71.1653,55.15,70,53,2.3,CL,broken clouds
279,Lorengau,-2.0226,147.2712,80.24,79,99,8.5,PG,overcast clouds
280,Puerto Carreno,6.189,-67.4859,84.18,74,20,2.3,CO,few clouds
281,La Macarena,2.1837,-73.7849,80.73,69,98,4.63,CO,overcast clouds
282,Aktau,43.65,51.2,90.18,35,5,9.48,KZ,clear sky
283,Coahuayana,18.7333,-103.6833,80.1,80,100,2.01,MX,overcast clouds
284,Hami,42.8,93.45,89.67,22,100,27.34,CN,overcast clouds
285,Kathu,7.9178,98.3332,82.22,75,7,10.83,TH,clear sky
286,Montgomery,39.1501,-77.1997,77.68,62,0,3.0,US,clear sky
287,Olenino,56.2092,33.4889,75.51,53,75,1.95,RU,broken clouds
288,Hobyo,5.3505,48.5268,77.86,74,52,29.08,SO,broken clouds
289,Lagoa,39.05,-27.9833,74.23,78,3,9.6,PT,clear sky
290,Garden City,42.3256,-83.331,72.88,63,20,8.05,US,few clouds
291,Natchitoches,31.7668,-93.1335,82.38,78,0,4.61,US,clear sky
292,Sao Filipe,14.8961,-24.4956,78.87,74,5,15.52,CV,clear sky
293,Baijiantan,45.6333,85.1833,78.22,38,69,3.51,CN,broken clouds
294,Padang,-0.9492,100.3543,80.65,88,74,1.28,ID,broken clouds
295,Grand Gaube,-20.0064,57.6608,69.39,67,2,8.99,MU,clear sky
296,San Pedro De Tutule,14.25,-87.85,71.04,75,89,4.34,HN,overcast clouds
297,Khromtau,50.2503,58.4347,80.29,40,65,13.27,KZ,broken clouds
298,Peniche,39.3558,-9.3811,83.08,78,0,11.1,PT,clear sky
299,Yulara,-25.2406,130.9889,47.03,44,0,8.81,AU,clear sky
300,Tungor,53.3808,142.9564,55.83,99,100,6.33,RU,light rain
301,Xining,36.6167,101.7667,69.6,77,100,0.92,CN,overcast clouds
302,Vardo,70.3705,31.1107,53.58,71,75,31.07,NO,broken clouds
303,Coos Bay,43.3665,-124.2179,61.0,97,100,4.61,US,overcast clouds
304,Comodoro Rivadavia,-45.8667,-67.5,55.26,44,20,24.16,AR,few clouds
305,Kaseda,31.4167,130.3167,81.93,86,85,5.3,JP,overcast clouds
306,Georgetown,5.4112,100.3354,85.95,74,20,2.3,MY,few clouds
307,Sawakin,19.1059,37.3321,99.16,48,76,12.39,SD,broken clouds
308,Miles City,46.4083,-105.8406,72.57,68,0,3.44,US,clear sky
309,Antalaha,-14.9003,50.2788,70.7,77,33,10.89,MG,scattered clouds
310,Hauterive,46.0901,3.4459,93.96,12,0,7.0,FR,clear sky
311,Qorveh,35.1664,47.8045,90.48,15,87,16.64,IR,overcast clouds
312,Vostok,46.4856,135.8833,52.48,96,13,4.52,RU,few clouds
313,Marawi,7.9986,124.2928,69.37,95,100,1.54,PH,heavy intensity rain
314,Quatre Cocos,-20.2078,57.7625,69.1,69,40,19.82,MU,light rain
315,Kasangulu,-4.5911,15.1708,79.68,20,59,5.66,CD,broken clouds
316,Kyra,49.5776,111.9753,53.42,74,51,4.76,RU,broken clouds
317,Tunduma,-9.3,32.7667,72.28,27,2,10.69,TZ,clear sky
318,Codrington,-38.2667,141.9667,43.88,96,58,10.2,AU,broken clouds
319,Doha,25.2867,51.5333,109.71,37,99,8.05,QA,overcast clouds
320,Bethel,41.3712,-73.414,75.76,57,0,13.8,US,clear sky
321,Alofi,-19.0595,-169.9187,73.29,94,34,5.75,NU,scattered clouds
322,Margate,51.3813,1.3862,85.1,71,0,5.99,GB,clear sky
323,Caorle,45.5966,12.8758,82.24,38,30,7.83,IT,scattered clouds
324,Namibe,-15.1961,12.1522,67.77,77,33,11.88,AO,scattered clouds
325,Aykhal,66.0,111.5,44.13,80,100,18.07,RU,overcast clouds
326,Oyama,36.3,139.8,84.58,72,100,13.02,JP,light rain
327,Sao Jose Da Coroa Grande,-8.8978,-35.1478,78.89,79,40,12.21,BR,scattered clouds
328,Hailey,43.5196,-114.3153,74.88,67,40,11.5,US,scattered clouds
329,Basi,26.8333,76.0333,79.14,77,82,6.82,IN,moderate rain
330,Tautira,-17.7333,-149.15,77.32,72,38,19.37,PF,scattered clouds
331,Zhezkazgan,47.8043,67.7144,84.18,28,40,8.95,KZ,scattered clouds
332,Acajutla,13.5928,-89.8275,82.11,69,83,3.29,SV,broken clouds
333,Abasolo,20.45,-101.5167,66.45,67,100,3.6,MX,overcast clouds
334,Ileza,61.0533,43.9002,71.22,48,48,10.25,RU,scattered clouds
335,Cockburn Town,21.4612,-71.1419,81.97,76,81,15.61,TC,broken clouds
336,Hanzhong,33.0728,107.0303,81.25,70,2,3.56,CN,clear sky
337,Altar,30.7,-111.8167,85.55,52,66,6.44,MX,broken clouds
338,Rumonge,-3.9736,29.4386,81.16,47,11,3.78,BI,few clouds
339,Augusto Correa,-1.0217,-46.635,88.14,57,13,9.04,BR,few clouds
340,Saint-Augustin,51.226,-58.6502,68.32,77,87,16.42,CA,overcast clouds
341,Boali,4.8005,18.1275,81.03,79,84,4.7,CF,light rain
342,Bonavista,48.6499,-53.1147,61.83,83,89,8.86,CA,overcast clouds
343,Kindu,-2.95,25.95,95.85,21,77,2.1,CD,broken clouds
344,Tiarei,-17.5333,-149.3333,77.02,74,20,19.53,PF,few clouds
345,Vila Velha,-20.3297,-40.2925,78.75,66,20,14.97,BR,few clouds
346,Uvat,59.1433,68.8953,57.97,93,36,5.7,RU,scattered clouds
347,Lata,40.1629,-8.3327,85.5,47,0,12.28,PT,clear sky
348,Belaya Gora,68.5333,146.4167,54.23,56,96,9.42,RU,overcast clouds
349,Amatitan,20.8333,-103.7167,70.32,86,100,2.48,MX,overcast clouds
350,Togur,58.3631,82.8265,55.35,69,6,4.76,RU,clear sky
351,Vangaindrano,-23.35,47.6,66.58,85,5,6.15,MG,light rain
352,Tilichiki,60.4667,166.1,52.83,96,85,2.26,RU,overcast clouds
353,Langsa,4.4683,97.9683,75.4,97,73,2.13,ID,broken clouds
354,Bonthe,7.5264,-12.505,80.31,75,95,13.06,SL,light rain
355,Mariental,-24.6333,17.9667,83.68,2,8,12.84,NA,clear sky
356,Tuatapere,-46.1333,167.6833,38.01,91,40,4.38,NZ,scattered clouds
357,Port Blair,11.6667,92.75,82.44,78,40,5.75,IN,mist
358,Launceston,-41.45,147.1667,44.24,94,73,9.22,AU,broken clouds
359,Shingu,33.7333,135.9833,78.94,93,99,9.37,JP,moderate rain
360,Dolores,-36.3132,-57.6792,60.39,65,52,10.36,AR,broken clouds
361,Buin,-33.7333,-70.75,58.87,65,80,4.14,CL,broken clouds
362,Guangyuan,32.442,105.823,81.55,81,41,2.44,CN,scattered clouds
363,Stokmarknes,68.5646,14.9108,51.78,71,75,13.8,NO,broken clouds
364,Kinablangan,7.6947,126.5503,79.23,87,43,5.88,PH,scattered clouds
365,Cabedelo,-6.9811,-34.8339,84.87,72,14,13.78,BR,few clouds
366,Mayor Pablo Lagerenza,-19.9309,-60.7718,81.37,25,0,12.84,PY,clear sky
367,Mezen,65.8522,44.24,53.58,87,95,7.4,RU,overcast clouds
368,Areia Branca,-4.9561,-37.1369,93.4,53,8,13.0,BR,clear sky
369,Jalu,29.0331,21.5482,97.56,15,0,6.44,LY,clear sky
370,Puerto Colombia,10.9878,-74.9547,86.09,79,72,5.44,CO,broken clouds
371,Xochistlahuaca,16.7833,-98.25,76.48,90,95,2.06,MX,overcast clouds
372,Alyangula,-13.8483,136.4192,71.47,88,14,8.37,AU,few clouds
373,Tokur,53.1333,132.9,46.0,96,53,1.95,RU,broken clouds
374,Kodinsk,58.6881,99.1844,50.85,79,73,2.46,RU,broken clouds
375,Wageningen,51.9667,5.6667,93.88,29,0,6.91,NL,clear sky
376,Dakar,14.6937,-17.4441,86.13,70,20,9.22,SN,light rain
377,Voloshka,61.3314,40.0858,71.35,44,15,11.1,RU,few clouds
378,Chavakkad,10.5333,76.05,78.37,86,55,5.3,IN,broken clouds
379,Campbellton,48.0075,-66.6727,68.45,60,43,8.43,CA,scattered clouds
380,Ozinki,51.1786,49.6769,84.2,29,0,9.71,RU,clear sky
381,Klyuchi,52.2667,79.1667,70.02,64,91,5.35,RU,overcast clouds
382,Cap Malheureux,-19.9842,57.6142,69.48,67,1,8.99,MU,clear sky
383,Bauchi,10.5,10.0,76.26,75,98,3.36,NG,overcast clouds
384,Police,53.5521,14.5718,88.54,31,15,3.0,PL,few clouds
385,Gushikawa,26.3544,127.8686,85.23,89,0,0.0,JP,clear sky
386,Ossora,59.2353,163.0719,54.34,94,3,2.28,RU,clear sky
387,Huicungo,-7.2833,-76.8,77.25,83,20,0.0,PE,few clouds
388,Palora,-1.7,-77.9333,71.71,57,53,2.59,EC,broken clouds
389,Mayumba,-3.432,10.6554,73.31,77,96,7.49,GA,overcast clouds
390,Zamora,-4.0692,-78.9567,63.64,65,79,4.16,EC,broken clouds
391,Maldonado,-34.6667,-54.9167,59.23,64,87,10.51,UY,overcast clouds
392,Okha,53.5739,142.9478,55.89,99,100,5.77,RU,light rain
393,Bonfim,3.0833,-59.95,86.81,60,31,3.38,BR,scattered clouds
394,Mathathane,-22.2687,28.7495,81.5,20,0,2.68,BW,clear sky
395,Anda,46.4,125.3167,65.43,57,11,8.01,CN,few clouds
396,Jiexiu,37.0244,111.9125,81.66,67,65,3.83,CN,broken clouds
397,Nuevo Progreso,23.1667,-97.95,87.48,59,4,1.01,MX,clear sky
398,Katherine,-14.4667,132.2667,71.92,60,40,4.61,AU,scattered clouds
399,Kruisfontein,-34.0033,24.7314,56.88,78,100,15.97,ZA,overcast clouds
400,Bodden Town,19.2833,-81.25,86.0,74,40,5.75,KY,scattered clouds
401,Thunder Bay,48.4001,-89.3168,57.18,82,75,1.14,CA,broken clouds
402,Dingle,10.9995,122.6711,77.31,89,100,2.28,PH,overcast clouds
403,Mahon,39.8885,4.2658,86.56,62,0,12.66,ES,clear sky
404,Martin,27.0837,-80.4164,89.96,71,100,6.2,US,overcast clouds
405,Homer,59.6425,-151.5483,58.05,94,100,1.99,US,light rain
406,Mecca,21.4267,39.8261,93.67,46,100,18.63,SA,overcast clouds
407,Yumen,40.2833,97.2,89.82,22,100,14.47,CN,light rain
408,Kochevo,59.5994,54.3125,65.82,73,99,10.49,RU,light rain
409,Kinangan,6.3014,125.585,78.13,89,94,4.99,PH,overcast clouds
410,Berlevag,70.8578,29.0864,51.8,76,100,29.93,NO,overcast clouds
411,Calama,-22.4667,-68.9333,59.49,8,0,18.41,CL,clear sky
412,Nelson Bay,-32.7167,152.15,57.99,96,100,7.0,AU,overcast clouds
413,Karpathos,35.507,27.2132,78.76,73,20,29.93,GR,few clouds
414,Ishigaki,24.3448,124.1572,84.33,89,100,10.36,JP,overcast clouds
415,Port Lincoln,-34.7333,135.8667,51.28,70,20,17.0,AU,few clouds
416,Newport,51.5877,-2.9984,93.43,33,1,8.25,GB,clear sky
417,Xinglongshan,43.9561,125.4661,67.75,83,0,4.47,CN,clear sky
418,Jardim,-21.4803,-56.1381,75.4,33,0,10.56,BR,clear sky
419,Epanomi,40.4264,22.9286,87.82,52,20,8.05,GR,few clouds
420,Champerico,14.3,-91.9167,82.94,77,100,2.42,GT,overcast clouds
421,Road Town,18.4167,-64.6167,86.04,70,20,11.5,VG,few clouds
422,Lompoc,34.6391,-120.4579,57.34,96,100,6.91,US,fog
423,Salisbury,51.0693,-1.7957,94.68,25,0,8.05,GB,clear sky
424,Benghazi,32.1167,20.0667,84.36,54,0,9.19,LY,clear sky
425,Berbera,10.4396,45.0143,92.8,47,62,10.89,SO,broken clouds
426,Ewa Beach,21.3156,-158.0072,77.09,71,20,3.44,US,few clouds
427,Barpeta,26.3167,91.0,85.24,74,100,7.99,IN,overcast clouds
428,Pokhara,28.2333,83.9833,74.68,95,70,0.81,NP,broken clouds
429,Kawalu,-7.3817,108.2082,73.0,98,88,0.29,ID,overcast clouds
430,Sorland,67.667,12.6934,51.66,82,75,18.41,NO,broken clouds
431,Huanan,46.2167,130.5167,60.15,76,38,2.3,CN,scattered clouds
432,Tigzirt,36.8886,4.1198,89.83,43,0,8.9,DZ,clear sky
433,Cabo San Lucas,22.8909,-109.9124,85.51,69,65,3.65,MX,broken clouds
434,Puri,19.8,85.85,81.12,81,100,8.79,IN,overcast clouds
435,Ornskoldsvik,63.2909,18.7153,68.95,42,20,11.5,SE,few clouds
436,Harnosand,62.6323,17.9379,71.01,54,40,3.49,SE,scattered clouds
437,Lokoja,7.8024,6.743,82.11,77,100,4.5,NG,moderate rain
438,Clyde River,70.4692,-68.5914,55.63,62,100,25.32,CA,overcast clouds
439,Sovetskaya Gavan,48.9723,140.2878,55.71,90,9,2.91,RU,clear sky
440,Luwuk,-0.9516,122.7875,77.63,91,22,1.68,ID,few clouds
441,Kaeo,-35.1,173.7833,44.33,93,67,5.26,NZ,broken clouds
442,Dubai,25.2582,55.3047,107.85,29,0,11.5,AE,clear sky
443,Visby,57.6409,18.296,84.06,53,0,9.22,SE,clear sky
444,Walvis Bay,-22.9575,14.5053,65.35,59,26,14.97,NA,scattered clouds
445,Sola,-13.8833,167.55,77.29,75,100,24.09,VU,overcast clouds
446,Villaviciosa,43.4813,-5.4357,76.6,82,2,7.09,ES,clear sky
447,Terrace,54.5163,-128.6035,55.31,100,20,0.0,CA,few clouds
448,Progreso,21.2833,-89.6667,83.1,71,62,6.49,MX,broken clouds
449,Show Low,34.2542,-110.0298,69.01,69,0,9.22,US,clear sky
450,Kpandae,8.4689,-0.0113,75.29,83,100,3.76,GH,overcast clouds
451,Athabasca,54.7169,-113.2854,54.01,74,63,5.03,CA,broken clouds
452,Sept-Iles,50.2001,-66.3821,68.52,75,20,9.22,CA,few clouds
453,Baykit,61.67,96.37,49.17,93,73,3.65,RU,broken clouds
454,Luanda,-8.8368,13.2343,73.4,73,0,8.05,AO,clear sky
455,Alta Floresta,-9.8756,-56.0861,91.22,35,0,9.22,BR,clear sky
456,San Policarpo,12.1791,125.5072,81.19,80,96,2.53,PH,overcast clouds
457,Turinsk,58.0458,63.696,62.4,67,100,4.41,RU,overcast clouds
458,Itarema,-2.9248,-39.9167,86.61,58,5,18.12,BR,clear sky
459,Whitehaven,54.549,-3.5841,79.66,60,8,3.0,GB,clear sky
460,Broome,42.2506,-75.833,72.7,55,0,11.5,US,clear sky
461,Fallon,39.4735,-118.7774,74.44,40,0,0.0,US,clear sky
462,Watsa,3.0372,29.5355,70.99,90,59,4.34,CD,light rain
463,Tezu,27.9167,96.1667,81.3,92,100,2.51,IN,overcast clouds
464,Wajima,37.4,136.9,80.04,85,24,7.78,JP,few clouds
465,Buraydah,26.326,43.975,111.65,11,37,20.11,SA,scattered clouds
466,Laredo,27.5064,-99.5075,82.69,78,0,5.75,US,clear sky
467,Paka,4.6374,103.4368,82.33,89,22,0.0,MY,few clouds
468,Papara,-3.9839,-38.7273,85.96,64,41,9.22,BR,scattered clouds
469,Shubarshi,48.5872,57.1869,88.59,23,77,2.93,KZ,broken clouds
470,Ndele,8.4109,20.6473,77.14,91,99,4.52,CF,light rain
471,Iranshahr,27.2025,60.6848,102.54,8,72,13.8,IR,broken clouds
472,Rafaela,-31.2503,-61.4867,70.0,48,76,4.0,AR,broken clouds
473,Riachao Das Neves,-11.7461,-44.91,93.22,19,0,8.01,BR,clear sky
474,Agaro,7.85,36.65,67.05,95,92,1.83,ET,light rain
475,Kirakira,-10.4544,161.9205,77.63,90,97,5.73,SB,overcast clouds
476,Dudinka,69.4058,86.1778,60.62,59,100,15.39,RU,overcast clouds
477,Tromso,69.6496,18.957,51.39,81,75,12.66,NO,drizzle
478,Kentau,43.5206,68.5094,80.02,29,0,14.54,KZ,clear sky
479,Akyab,20.15,92.9,80.1,86,100,16.73,MM,light rain
480,Mae Hong Son,19.3003,97.9685,72.91,99,100,1.86,TH,overcast clouds
481,Camacha,33.0833,-16.3333,72.82,64,40,10.36,PT,scattered clouds
482,Tabas,33.5959,56.9244,90.72,10,0,14.2,IR,clear sky
483,Sao Felix Do Xingu,-6.6447,-51.995,96.51,28,5,4.12,BR,clear sky
484,Gisborne,-38.6533,178.0042,43.86,85,20,7.76,NZ,few clouds
485,Castrillon,43.3979,-6.7922,77.45,62,12,7.78,ES,few clouds
486,Sao Raimundo Das Mangabeiras,-7.0219,-45.4811,98.98,21,44,4.74,BR,scattered clouds
487,Dabakala,8.3667,-4.4333,82.31,71,99,5.35,CI,light rain
488,Galesong,-5.3166,119.3661,77.02,84,63,5.5,ID,broken clouds
489,Bahadurganj,26.2667,87.8167,85.26,69,47,4.83,IN,scattered clouds
490,Butiama,-1.7667,33.9667,75.49,43,84,7.07,TZ,broken clouds
491,Lewistown,40.5992,-77.5714,75.87,75,0,9.22,US,clear sky
492,La Romana,18.4273,-68.9728,84.56,74,75,11.5,DO,light rain
493,Ravar,31.2656,56.8055,83.1,11,0,10.29,IR,clear sky
494,Jiangkou,25.4872,119.1986,81.54,82,43,6.62,CN,scattered clouds
495,Presidencia Roque Saenz Pena,-26.7852,-60.4388,72.07,36,100,11.18,AR,overcast clouds
496,Condado,21.8767,-79.8403,84.38,66,58,8.57,CU,broken clouds
497,Atambua,-9.1061,124.8925,71.46,85,13,5.39,ID,few clouds
498,Sabang,5.8933,95.3214,83.23,73,14,19.57,ID,few clouds
499,Tazovskiy,67.4667,78.7,51.48,89,100,20.24,RU,light rain
500,Kushima,31.4583,131.2333,79.16,82,82,5.21,JP,broken clouds
501,Batagay,67.6333,134.6333,49.98,80,100,5.19,RU,overcast clouds
502,Dovers,12.8833,-61.1833,83.79,78,31,16.33,VC,scattered clouds
503,Joroan,13.4885,123.6189,79.43,83,24,2.19,PH,light rain
504,Wakkanai,45.4094,141.6739,69.4,89,10,12.44,JP,clear sky
505,Sechura,-5.5569,-80.8222,68.85,67,17,8.1,PE,few clouds
506,Hambantota,6.1241,81.1185,84.54,74,20,8.05,LK,few clouds
507,Destin,30.3935,-86.4958,77.05,94,100,3.44,US,heavy intensity rain
508,Inta,66.0317,60.1659,58.44,77,99,10.45,RU,light rain
509,Mana,5.6592,-53.7767,87.51,57,2,5.08,GF,clear sky
510,Sawtell,-30.3833,153.1,61.18,82,100,9.22,AU,light rain
511,Bhilwara,25.35,74.6333,78.44,88,100,12.88,IN,moderate rain
512,Ketchikan,55.3422,-131.6461,57.67,94,100,5.75,US,overcast clouds
513,La Rioja,42.25,-2.5,92.98,15,20,3.49,ES,few clouds
514,Anaconda,46.1285,-112.9423,58.19,53,72,2.28,US,broken clouds
515,Royan,45.6285,-1.0281,98.83,35,0,11.21,FR,clear sky
516,San Pedro,14.35,121.0167,79.83,88,100,14.97,PH,overcast clouds
517,Mugur-Aksy,50.35,90.5,53.47,73,66,3.49,RU,broken clouds
518,Chapais,49.7834,-74.8492,53.38,78,98,7.58,CA,overcast clouds
519,Yei,4.095,30.6779,74.28,91,93,2.86,SS,light rain
520,Russkaya Polyana,49.417,31.9201,75.52,57,100,12.44,UA,overcast clouds
521,Souillac,-20.5167,57.5167,68.38,77,75,16.11,MU,light rain
522,Waddan,29.1614,16.139,99.59,15,0,9.98,LY,clear sky
523,Jumla,29.2747,82.1838,64.06,94,77,2.57,NP,broken clouds
524,Santa Rosa,14.3122,121.1114,80.58,86,95,4.27,PH,overcast clouds
525,Okhotsk,59.3833,143.3,57.09,90,100,4.54,RU,overcast clouds
526,Odweyne,9.4092,45.064,79.27,44,99,21.63,SO,overcast clouds
527,Manavalakurichi,8.1333,77.3,79.14,83,100,13.56,IN,overcast clouds
528,Hovd,48.0056,91.6419,72.27,33,100,5.77,MN,overcast clouds
529,Zhigansk,66.7697,123.3711,48.15,78,100,19.93,RU,overcast clouds
530,Maridi,4.9158,29.4742,73.99,87,94,3.96,SS,light rain
531,Olkhovka,53.2115,60.6069,67.35,52,44,4.25,RU,scattered clouds
532,Taoudenni,22.6783,-3.9836,114.01,8,0,3.29,ML,clear sky
533,Chicama,-7.8447,-79.1469,57.74,69,47,5.84,PE,scattered clouds
534,Sehithwa,-20.4667,22.7167,86.77,8,0,0.49,BW,clear sky
535,Zyryanka,65.75,150.85,55.35,72,90,10.07,RU,overcast clouds
536,Todos Santos,23.45,-110.2167,84.31,86,56,2.51,MX,broken clouds
537,Zhanaozen,43.3,52.8,91.72,15,0,14.29,KZ,clear sky
538,Beyneu,45.3167,55.2,94.8,17,0,9.17,KZ,clear sky
539,Armidale,-30.5167,151.65,47.93,95,100,7.87,AU,moderate rain
540,Kaputa,-8.4689,29.6619,81.66,33,1,1.57,ZM,clear sky
541,Saint Anthony,45.0205,-93.218,62.53,91,75,12.66,US,moderate rain
542,Emerald,-23.5333,148.1667,60.35,82,100,8.01,AU,overcast clouds
543,Ojinaga,29.5667,-104.4167,83.35,54,0,8.05,MX,clear sky
544,Santa Ana,33.7456,-117.8678,77.76,90,20,3.44,US,few clouds
545,Glossa,35.4717,23.7763,82.06,44,0,7.29,GR,clear sky
546,Pisco,-13.7,-76.2167,60.03,94,100,0.0,PE,mist
547,Tsarychanka,48.937,34.4786,85.23,32,97,22.35,UA,overcast clouds
548,Churapcha,62.0025,132.4325,54.54,89,25,2.24,RU,scattered clouds
549,Palmas,-10.2128,-48.3603,84.07,54,0,9.22,BR,clear sky
550,Morondava,-20.2833,44.2833,74.82,72,0,11.23,MG,clear sky
551,Moron,-34.6534,-58.6198,62.96,65,95,7.61,AR,overcast clouds
552,Edd,13.9297,41.6925,89.47,65,83,5.39,ER,broken clouds
553,Kjopsvik,68.097,16.3742,55.27,83,97,6.82,NO,overcast clouds
554,Mamallapuram,12.6264,80.1722,93.25,74,86,7.81,IN,overcast clouds
555,Rudbar,30.15,62.6,94.53,13,1,7.36,AF,clear sky
556,Avera,33.194,-82.5271,78.55,76,56,10.69,US,broken clouds
557,Lazaro Cardenas,17.9583,-102.2,80.74,77,94,4.36,MX,overcast clouds
558,Casino,-28.8667,153.05,59.77,97,100,3.74,AU,light rain
559,Gayeri,12.6497,0.4931,92.25,42,48,2.89,BF,scattered clouds
560,Victoria,22.2855,114.1577,81.32,89,82,5.99,HK,broken clouds
561,Tazmalt,36.3868,4.3989,103.06,12,0,8.32,DZ,clear sky
562,Chengde,40.9725,117.9361,73.26,91,93,3.04,CN,overcast clouds
563,Bundaberg,-24.85,152.35,62.89,99,100,4.61,AU,overcast clouds
564,Rockhampton,-23.3833,150.5,64.29,88,75,1.14,AU,broken clouds
565,Meulaboh,4.1363,96.1285,79.83,77,32,1.32,ID,scattered clouds
566,Anadyr,64.75,177.4833,55.9,93,20,4.47,RU,light rain
567,Ixtapa,20.7,-105.2,81.23,88,40,4.61,MX,scattered clouds
568,Kayerkan,69.3497,87.7602,59.52,67,83,8.7,RU,broken clouds
569,Rosarito,32.3333,-117.0333,73.26,67,6,6.13,MX,clear sky
570,Waingapu,-9.6567,120.2641,77.63,81,4,7.47,ID,clear sky
571,Taunggyi,20.7833,97.0333,62.83,99,100,3.38,MM,overcast clouds
572,Pasni,25.2631,63.471,81.84,76,85,1.95,PK,light rain
573,Ekuvukeni,-28.4675,30.1551,79.56,11,84,10.16,ZA,broken clouds
574,Maine-Soroa,13.2114,12.0241,91.2,43,97,13.38,NE,overcast clouds
575,Leningradskiy,69.3833,178.4167,33.66,95,100,15.19,RU,snow
576,Tenenkou,14.4572,-4.9169,87.12,52,100,11.99,ML,overcast clouds
577,Las Guacamayas,18.0167,-102.2167,80.56,77,92,3.62,MX,overcast clouds
578,Ulaangom,49.9811,92.0667,65.71,58,70,4.83,MN,broken clouds
579,Saverne,48.8333,7.25,87.94,20,0,10.85,FR,clear sky
580,Portland,45.5234,-122.6762,63.63,84,0,3.0,US,clear sky
581,Marsa Matruh,31.3525,27.2453,86.2,66,0,14.97,EG,clear sky
582,Bo Phloi,14.3236,99.5161,77.23,83,100,4.59,TH,overcast clouds
583,Roald,62.5833,6.1333,61.72,88,75,5.75,NO,broken clouds
584,Hervey Bay,-25.2986,152.8535,65.34,80,100,8.37,AU,moderate rain
585,Sao Gabriel Da Cachoeira,-0.1303,-67.0892,76.8,88,75,3.44,BR,mist
586,Luchenza,-16.0069,35.3095,74.68,42,32,2.24,MW,scattered clouds
587,Wrzesnia,52.3251,17.5652,83.71,35,96,13.22,PL,overcast clouds
588,Harper,4.375,-7.7169,78.19,72,99,11.3,LR,overcast clouds
589,Nhulunbuy,-12.2333,136.7667,72.21,88,20,5.75,AU,few clouds
590,Iguatemi,-23.6803,-54.5611,68.52,48,0,12.97,BR,clear sky
591,Buala,-8.145,159.5921,79.18,80,100,2.68,SB,light rain
592,Mokhsogollokh,61.4681,128.9203,55.74,97,100,2.55,RU,overcast clouds
593,Fort Nelson,58.8053,-122.7002,51.39,93,75,2.3,CA,fog
594,Umm Kaddadah,13.6017,26.6876,86.56,47,80,15.84,SD,broken clouds
595,Kloulklubed,7.0419,134.2556,73.9,74,100,8.05,PW,overcast clouds
596,Fria,10.4167,-13.5833,72.48,96,100,5.21,GN,light rain
597,Lloydminster,53.2835,-110.0016,61.02,94,75,5.75,CA,broken clouds
598,Yaan,7.3833,8.5667,75.27,92,100,4.72,NG,light rain
599,Mozarlandia,-14.7447,-50.5706,91.17,18,95,3.15,BR,overcast clouds
600,Shumskiy,54.8318,99.1328,57.07,95,25,2.82,RU,light rain
601,Ville-Marie,47.3335,-79.433,63.54,46,3,5.7,CA,clear sky
602,Rio Grande,-32.035,-52.0986,68.11,77,33,12.48,BR,scattered clouds
603,Garbolovo,60.3413,30.4955,78.17,54,22,8.41,RU,few clouds
604,Biltine,14.5333,20.9167,83.3,62,86,7.07,TD,light rain
605,Sibiti,-3.6819,13.3499,88.21,30,82,5.37,CG,broken clouds
606,Sembe,1.6481,14.5806,90.01,40,87,3.83,CG,overcast clouds
607,Post Falls,47.718,-116.9516,73.49,77,0,11.5,US,clear sky
608,Teahupoo,-17.8333,-149.2667,71.56,74,42,20.18,PF,scattered clouds
609,Lakatoro,-16.0999,167.4164,73.71,71,57,14.07,VU,broken clouds
610,La Sarre,48.8002,-79.1996,63.5,51,17,5.64,CA,few clouds
611,Qasigiannguit,68.8193,-51.1922,41.25,83,94,3.29,GL,overcast clouds
612,Lugovoy,42.9472,72.7644,76.41,32,12,5.06,KZ,few clouds
613,Caravelas,-17.7125,-39.2481,76.57,64,99,12.73,BR,overcast clouds
614,Akalkot,17.5333,76.2167,77.72,76,24,17.54,IN,few clouds
615,Cauquenes,-35.9671,-72.3225,53.26,75,71,8.01,CL,broken clouds
616,Rakiv Lis,51.6217,24.9243,81.97,48,100,8.19,UA,overcast clouds
617,Atyashevo,54.5644,46.0691,74.07,57,46,1.57,RU,scattered clouds
618,Akdepe,42.0551,59.3788,93.29,21,0,16.26,TM,clear sky
619,Wanning,18.8003,110.3967,79.72,88,100,3.27,CN,overcast clouds
620,Taltal,-25.4,-70.4833,62.06,62,28,5.91,CL,scattered clouds
621,Warrington,53.3925,-2.5802,90.32,33,0,5.75,GB,clear sky
622,Auki,-8.7676,160.7034,75.49,87,100,2.08,SB,overcast clouds
623,Khovu-Aksy,51.1333,93.6,56.86,74,93,3.18,RU,moderate rain
624,Husavik,66.0449,-17.3389,49.95,85,82,8.75,IS,broken clouds
625,Waipawa,-41.4122,175.5153,36.81,85,12,6.22,NZ,few clouds
626,Kenai,60.5544,-151.2583,58.08,96,75,13.8,US,light rain
627,Ust-Ishim,57.6935,71.1665,57.47,85,99,4.29,RU,overcast clouds
628,Santarem,-2.4431,-54.7083,86.13,79,20,6.91,BR,few clouds
629,Claremore,36.3126,-95.6161,81.41,63,0,5.99,US,clear sky
630,Witu,-2.3889,40.4382,77.16,75,18,14.9,KE,few clouds
631,Oranjemund,-28.55,16.4333,59.61,70,39,9.82,NA,scattered clouds
632,Marquette,46.5333,-87.6335,66.78,56,100,5.91,US,overcast clouds
633,Havelock,34.8791,-76.9013,82.35,83,40,3.44,US,scattered clouds
634,Kiunga,-6.1219,141.2906,72.48,99,100,2.42,PG,overcast clouds
635,Olga,43.7444,135.2892,60.6,84,66,4.94,RU,broken clouds
636,Pangnirtung,66.1451,-65.7125,57.2,62,75,3.44,CA,broken clouds
637,Kashi,39.4547,75.9797,85.21,42,90,6.71,CN,overcast clouds
638,Nago,26.5881,127.9761,81.03,84,83,5.32,JP,broken clouds
639,Bianzhuang,34.8486,118.0447,83.93,78,28,4.79,CN,scattered clouds
640,Nantucket,41.2835,-70.0995,73.51,68,100,0.0,US,overcast clouds
641,Southbridge,42.0751,-72.0334,77.45,54,14,5.99,US,few clouds
642,Ambilobe,-13.2,49.05,75.47,50,6,9.69,MG,clear sky
643,Enshi,30.3,109.4833,79.29,79,2,2.37,CN,clear sky
644,Gongzhuling,43.5008,124.8198,62.29,98,92,6.08,CN,overcast clouds
645,Vanimo,-2.6741,141.3028,77.92,91,100,9.1,PG,overcast clouds
646,Mercedes,-34.6515,-59.4307,63.95,62,75,12.37,AR,broken clouds
647,Touros,-5.1989,-35.4608,84.25,64,10,14.99,BR,clear sky
648,Mweka,-4.85,21.5667,96.24,11,96,2.73,CD,overcast clouds
649,Santa Isabel Do Rio Negro,-0.4139,-65.0192,85.89,62,46,2.73,BR,scattered clouds
650,Gwadar,25.1216,62.3254,83.05,84,100,8.97,PK,overcast clouds
651,Wenshang,35.7275,116.4961,82.98,84,39,7.45,CN,very heavy rain
652,Vila Do Maio,15.1333,-23.2167,86.79,77,98,15.43,CV,overcast clouds
653,Fauske,67.2588,15.3918,53.64,13,99,9.95,NO,overcast clouds
654,Tabou,4.423,-7.3528,78.3,72,100,11.43,CI,overcast clouds
655,Solwezi,-12.1688,26.3894,78.28,20,77,7.18,ZM,broken clouds
656,Altoona,40.5187,-78.3947,72.81,62,0,1.01,US,clear sky
657,Cuamba,-14.8031,36.5372,82.22,24,18,4.27,MZ,few clouds
658,Bandarbeyla,9.4942,50.8122,79.2,69,42,29.97,SO,scattered clouds
659,Kaniama,-7.5667,24.1833,91.29,13,34,0.65,CD,scattered clouds
660,Dunedin,-45.8742,170.5036,44.8,72,87,8.99,NZ,overcast clouds
661,Changde,29.0464,111.6783,83.91,56,54,6.73,CN,broken clouds
662,Yoichi,43.2039,140.7703,70.84,83,73,4.72,JP,broken clouds
663,Pemangkat,1.1667,108.9667,81.43,83,99,6.17,ID,overcast clouds
664,Puerto Narino,-3.7703,-70.3831,87.31,52,14,2.42,CO,few clouds
665,Zemio,5.0314,25.1361,70.92,92,100,1.57,CF,overcast clouds
666,Bayanday,53.0661,105.5139,54.82,78,15,1.99,RU,few clouds
667,Rajmahal,25.05,87.8333,86.34,66,94,3.85,IN,overcast clouds
668,Namatanai,-3.6667,152.4333,78.76,81,100,5.37,PG,overcast clouds
669,Ambulu,-8.345,113.6058,76.48,91,16,3.31,ID,few clouds
670,Dauphin,51.1494,-100.0502,62.74,100,100,2.3,CA,overcast clouds
671,Morena,26.4969,78.0,86.29,68,97,2.82,IN,overcast clouds
672,Machaneng,-23.1862,27.4886,82.18,15,0,0.83,BW,clear sky
673,Toccoa,34.5773,-83.3324,81.68,82,50,4.0,US,scattered clouds
674,Tarakan,3.3,117.6333,82.76,74,49,6.53,ID,scattered clouds
675,Maceio,-9.6658,-35.7353,85.44,65,75,11.5,BR,broken clouds
676,Kasane,-17.8167,25.15,86.09,19,0,9.22,BW,clear sky
677,Aguas Formosas,-17.0822,-40.9358,73.22,59,100,6.42,BR,overcast clouds
678,Mnogovershinnyy,53.9353,139.9242,51.37,99,100,1.99,RU,overcast clouds
